{"cameraMode":{"drawMode":0,"name":"Shaded","section":"Shading Mode"},"sceneLighting":true,"audioPlay":false,"sceneViewState":{"showFog":false,"showMaterialUpdate":false,"showSkybox":false,"showFlares":false,"showImageEffects":false,"showParticleSystems":false},"in2DMode":false,"pivot":{"x":0.2718172073364258,"y":3.2300000190734865,"z":10.979999542236329},"rotation":{"x":-0.13348889350891114,"y":0.6695712804794312,"z":-0.12413091212511063,"w":-0.7200369834899902},"size":17.824926376342775,"orthographic":false}