{"cameraMode":{"drawMode":0,"name":"Shaded","section":"Shading Mode"},"sceneLighting":false,"audioPlay":false,"sceneViewState":{"showFog":false,"showMaterialUpdate":false,"showSkybox":false,"showFlares":false,"showImageEffects":false,"showParticleSystems":false},"in2DMode":false,"pivot":{"x":-0.07742786407470703,"y":7.3712921142578129,"z":-0.30755770206451418},"rotation":{"x":0.01663326472043991,"y":-0.4977397322654724,"z":-0.009569909423589707,"w":-0.8671293258666992},"size":24.618196487426759,"orthographic":false}