{"cameraMode":{"drawMode":0,"name":"Shaded","section":"Shading Mode"},"sceneLighting":true,"audioPlay":false,"sceneViewState":{"showFog":false,"showMaterialUpdate":false,"showSkybox":false,"showFlares":false,"showImageEffects":false,"showParticleSystems":false},"in2DMode":false,"pivot":{"x":-1.860344409942627,"y":6.961191177368164,"z":0.5491623878479004},"rotation":{"x":0.15985995531082154,"y":0.4126461148262024,"z":-0.073815256357193,"w":0.8937227725982666},"size":9.306647300720215,"orthographic":false}